<?xml version="1.0" encoding="UTF-8"?>
<con:soapui-project id="c084b144-f210-4df5-b3b9-d51f534cf15e" activeEnvironment="Default" name="customerCustomerRepositoryV1" resourceRoot="${projectDir}" soapui-version="5.6.0" abortOnError="false" runType="SEQUENTIAL" xmlns:con="http://eviware.com/soapui/config"><con:settings/><con:interface xsi:type="con:WsdlInterface" id="c06db656-f0da-4c0e-a79f-2eec4b10d123" wsaVersion="NONE" name="customerCustomerRepositoryV1Binding" type="wsdl" bindingName="{http://soap.upskills.in/soap/default?services=customerCustomerRepositoryV1}customerCustomerRepositoryV1Binding" soapVersion="1_2" anonymous="optional" definition="file:/C:/Users/user/Downloads/SOAP%20API%20WSDL%20EndPoints/SOAP%20API%20WSDL%20EndPoints/customerCustomerRepositoryV1.xml" xmlns:xsi="http://www.w3.org/2001/XMLSchema-instance"><con:settings/><con:definitionCache type="TEXT" rootPart="file:\C:\Users\user\Downloads\SOAP%20API%20WSDL%20EndPoints\SOAP%20API%20WSDL%20EndPoints\customerCustomerRepositoryV1.xml"><con:part><con:url>file:\C:\Users\user\Downloads\SOAP%20API%20WSDL%20EndPoints\SOAP%20API%20WSDL%20EndPoints\customerCustomerRepositoryV1.xml</con:url><con:content><![CDATA[<definitions name="MagentoWSDL" targetNamespace="http://soap.upskills.in/soap/default?services=customerCustomerRepositoryV1" xmlns="http://schemas.xmlsoap.org/wsdl/" xmlns:wsdl="http://schemas.xmlsoap.org/wsdl/" xmlns:tns="http://soap.upskills.in/soap/default?services=customerCustomerRepositoryV1" xmlns:soap="http://schemas.xmlsoap.org/wsdl/soap/" xmlns:xsd="http://www.w3.org/2001/XMLSchema" xmlns:soap-enc="http://schemas.xmlsoap.org/soap/encoding/" xmlns:soap12="http://schemas.xmlsoap.org/wsdl/soap12/">
  <types>
    <xsd:schema targetNamespace="http://soap.upskills.in/soap/default?services=customerCustomerRepositoryV1">
      <xsd:element name="GenericFault" type="tns:GenericFault"/>
      <xsd:complexType name="GenericFaultParameter">
        <xsd:sequence>
          <xsd:element name="key" minOccurs="1" maxOccurs="1" type="xsd:string">
            <xsd:annotation>
              <xsd:documentation/>
              <xsd:appinfo xmlns:inf="http://soap.upskills.in/soap/default?services=customerCustomerRepositoryV1">
                <inf:maxLength/>
              </xsd:appinfo>
            </xsd:annotation>
          </xsd:element>
          <xsd:element name="value" minOccurs="1" maxOccurs="1" type="xsd:string">
            <xsd:annotation>
              <xsd:documentation/>
              <xsd:appinfo xmlns:inf="http://soap.upskills.in/soap/default?services=customerCustomerRepositoryV1">
                <inf:maxLength/>
              </xsd:appinfo>
            </xsd:annotation>
          </xsd:element>
        </xsd:sequence>
      </xsd:complexType>
      <xsd:complexType name="ArrayOfGenericFaultParameter">
        <xsd:annotation>
          <xsd:documentation>An array of GenericFaultParameter items.</xsd:documentation>
          <xsd:appinfo xmlns:inf="http://soap.upskills.in/soap/default?services=customerCustomerRepositoryV1"/>
        </xsd:annotation>
        <xsd:sequence>
          <xsd:element name="item" minOccurs="0" maxOccurs="unbounded" type="tns:GenericFaultParameter">
            <xsd:annotation>
              <xsd:documentation>An item of ArrayOfGenericFaultParameter.</xsd:documentation>
              <xsd:appinfo xmlns:inf="http://soap.upskills.in/soap/default?services=customerCustomerRepositoryV1"/>
            </xsd:annotation>
          </xsd:element>
        </xsd:sequence>
      </xsd:complexType>
      <xsd:complexType name="WrappedError">
        <xsd:sequence>
          <xsd:element name="message" minOccurs="1" maxOccurs="1" type="xsd:string">
            <xsd:annotation>
              <xsd:documentation/>
              <xsd:appinfo xmlns:inf="http://soap.upskills.in/soap/default?services=customerCustomerRepositoryV1">
                <inf:maxLength/>
              </xsd:appinfo>
            </xsd:annotation>
          </xsd:element>
          <xsd:element name="parameters" type="tns:ArrayOfGenericFaultParameter" minOccurs="0">
            <xsd:annotation>
              <xsd:documentation>Message parameters.</xsd:documentation>
              <xsd:appinfo xmlns:inf="http://soap.upskills.in/soap/default?services=customerCustomerRepositoryV1">
                <inf:natureOfType>array</inf:natureOfType>
              </xsd:appinfo>
            </xsd:annotation>
          </xsd:element>
        </xsd:sequence>
      </xsd:complexType>
      <xsd:complexType name="ArrayOfWrappedError">
        <xsd:annotation>
          <xsd:documentation>An array of WrappedError items.</xsd:documentation>
          <xsd:appinfo xmlns:inf="http://soap.upskills.in/soap/default?services=customerCustomerRepositoryV1"/>
        </xsd:annotation>
        <xsd:sequence>
          <xsd:element name="item" minOccurs="0" maxOccurs="unbounded" type="tns:WrappedError">
            <xsd:annotation>
              <xsd:documentation>An item of ArrayOfWrappedError.</xsd:documentation>
              <xsd:appinfo xmlns:inf="http://soap.upskills.in/soap/default?services=customerCustomerRepositoryV1"/>
            </xsd:annotation>
          </xsd:element>
        </xsd:sequence>
      </xsd:complexType>
      <xsd:complexType name="GenericFault">
        <xsd:sequence>
          <xsd:element name="Trace" minOccurs="0" maxOccurs="1" type="xsd:string">
            <xsd:annotation>
              <xsd:documentation>Exception calls stack trace.</xsd:documentation>
              <xsd:appinfo xmlns:inf="http://soap.upskills.in/soap/default?services=customerCustomerRepositoryV1">
                <inf:maxLength/>
              </xsd:appinfo>
            </xsd:annotation>
          </xsd:element>
          <xsd:element name="Parameters" type="tns:ArrayOfGenericFaultParameter" minOccurs="0">
            <xsd:annotation>
              <xsd:documentation>Additional exception parameters.</xsd:documentation>
              <xsd:appinfo xmlns:inf="http://soap.upskills.in/soap/default?services=customerCustomerRepositoryV1">
                <inf:natureOfType>array</inf:natureOfType>
              </xsd:appinfo>
            </xsd:annotation>
          </xsd:element>
          <xsd:element name="WrappedErrors" type="tns:ArrayOfWrappedError" minOccurs="0">
            <xsd:annotation>
              <xsd:documentation>Additional wrapped errors.</xsd:documentation>
              <xsd:appinfo xmlns:inf="http://soap.upskills.in/soap/default?services=customerCustomerRepositoryV1">
                <inf:natureOfType>array</inf:natureOfType>
              </xsd:appinfo>
            </xsd:annotation>
          </xsd:element>
        </xsd:sequence>
      </xsd:complexType>
      <xsd:complexType name="FrameworkDataImageContentInterface">
        <xsd:annotation>
          <xsd:documentation>Image Content data interface</xsd:documentation>
          <xsd:appinfo xmlns:inf="http://soap.upskills.in/soap/default?services=customerCustomerRepositoryV1"/>
        </xsd:annotation>
        <xsd:sequence>
          <xsd:element name="base64EncodedData" minOccurs="1" maxOccurs="1" type="xsd:string">
            <xsd:annotation>
              <xsd:documentation>Media data (base64 encoded content)</xsd:documentation>
              <xsd:appinfo xmlns:inf="http://soap.upskills.in/soap/default?services=customerCustomerRepositoryV1">
                <inf:maxLength/>
              </xsd:appinfo>
            </xsd:annotation>
          </xsd:element>
          <xsd:element name="type" minOccurs="1" maxOccurs="1" type="xsd:string">
            <xsd:annotation>
              <xsd:documentation>MIME type</xsd:documentation>
              <xsd:appinfo xmlns:inf="http://soap.upskills.in/soap/default?services=customerCustomerRepositoryV1">
                <inf:maxLength/>
              </xsd:appinfo>
            </xsd:annotation>
          </xsd:element>
          <xsd:element name="name" minOccurs="1" maxOccurs="1" type="xsd:string">
            <xsd:annotation>
              <xsd:documentation>Image name</xsd:documentation>
              <xsd:appinfo xmlns:inf="http://soap.upskills.in/soap/default?services=customerCustomerRepositoryV1">
                <inf:maxLength/>
              </xsd:appinfo>
            </xsd:annotation>
          </xsd:element>
        </xsd:sequence>
      </xsd:complexType>
      <xsd:complexType name="CustomerDataRegionExtensionInterface">
        <xsd:annotation>
          <xsd:documentation>ExtensionInterface class for @see \Magento\Customer\Api\Data\RegionInterface</xsd:documentation>
          <xsd:appinfo xmlns:inf="http://soap.upskills.in/soap/default?services=customerCustomerRepositoryV1"/>
        </xsd:annotation>
      </xsd:complexType>
      <xsd:complexType name="CustomerDataRegionInterface">
        <xsd:annotation>
          <xsd:documentation>Customer address region interface.</xsd:documentation>
          <xsd:appinfo xmlns:inf="http://soap.upskills.in/soap/default?services=customerCustomerRepositoryV1"/>
        </xsd:annotation>
        <xsd:sequence>
          <xsd:element name="regionCode" minOccurs="1" maxOccurs="1" type="xsd:string">
            <xsd:annotation>
              <xsd:documentation>Region code</xsd:documentation>
              <xsd:appinfo xmlns:inf="http://soap.upskills.in/soap/default?services=customerCustomerRepositoryV1">
                <inf:maxLength/>
              </xsd:appinfo>
            </xsd:annotation>
          </xsd:element>
          <xsd:element name="region" minOccurs="1" maxOccurs="1" type="xsd:string">
            <xsd:annotation>
              <xsd:documentation>Region</xsd:documentation>
              <xsd:appinfo xmlns:inf="http://soap.upskills.in/soap/default?services=customerCustomerRepositoryV1">
                <inf:maxLength/>
              </xsd:appinfo>
            </xsd:annotation>
          </xsd:element>
          <xsd:element name="regionId" minOccurs="1" maxOccurs="1" type="xsd:int">
            <xsd:annotation>
              <xsd:documentation>Region id</xsd:documentation>
              <xsd:appinfo xmlns:inf="http://soap.upskills.in/soap/default?services=customerCustomerRepositoryV1">
                <inf:min/>
                <inf:max/>
              </xsd:appinfo>
            </xsd:annotation>
          </xsd:element>
          <xsd:element name="extensionAttributes" minOccurs="0" maxOccurs="1" type="tns:CustomerDataRegionExtensionInterface">
            <xsd:annotation>
              <xsd:documentation>Existing extension attributes object or create a new one.</xsd:documentation>
              <xsd:appinfo xmlns:inf="http://soap.upskills.in/soap/default?services=customerCustomerRepositoryV1"/>
            </xsd:annotation>
          </xsd:element>
        </xsd:sequence>
      </xsd:complexType>
      <xsd:complexType name="ArrayOfString">
        <xsd:annotation>
          <xsd:documentation>An array of string items.</xsd:documentation>
          <xsd:appinfo xmlns:inf="http://soap.upskills.in/soap/default?services=customerCustomerRepositoryV1"/>
        </xsd:annotation>
        <xsd:sequence>
          <xsd:element name="item" minOccurs="0" maxOccurs="unbounded" type="xsd:string">
            <xsd:annotation>
              <xsd:documentation>An item of ArrayOfString.</xsd:documentation>
              <xsd:appinfo xmlns:inf="http://soap.upskills.in/soap/default?services=customerCustomerRepositoryV1">
                <inf:maxLength/>
              </xsd:appinfo>
            </xsd:annotation>
          </xsd:element>
        </xsd:sequence>
      </xsd:complexType>
      <xsd:complexType name="CustomerDataAddressExtensionInterface">
        <xsd:annotation>
          <xsd:documentation>ExtensionInterface class for @see \Magento\Customer\Api\Data\AddressInterface</xsd:documentation>
          <xsd:appinfo xmlns:inf="http://soap.upskills.in/soap/default?services=customerCustomerRepositoryV1"/>
        </xsd:annotation>
      </xsd:complexType>
      <xsd:complexType name="FrameworkAttributeInterface">
        <xsd:annotation>
          <xsd:documentation>Interface for custom attribute value.</xsd:documentation>
          <xsd:appinfo xmlns:inf="http://soap.upskills.in/soap/default?services=customerCustomerRepositoryV1"/>
        </xsd:annotation>
        <xsd:sequence>
          <xsd:element name="attributeCode" minOccurs="1" maxOccurs="1" type="xsd:string">
            <xsd:annotation>
              <xsd:documentation>Attribute code</xsd:documentation>
              <xsd:appinfo xmlns:inf="http://soap.upskills.in/soap/default?services=customerCustomerRepositoryV1">
                <inf:maxLength/>
              </xsd:appinfo>
            </xsd:annotation>
          </xsd:element>
          <xsd:element name="value" minOccurs="1" maxOccurs="1" type="xsd:anyType">
            <xsd:annotation>
              <xsd:documentation>Attribute value</xsd:documentation>
              <xsd:appinfo xmlns:inf="http://soap.upskills.in/soap/default?services=customerCustomerRepositoryV1"/>
            </xsd:annotation>
          </xsd:element>
        </xsd:sequence>
      </xsd:complexType>
      <xsd:complexType name="ArrayOfFrameworkAttributeInterface">
        <xsd:annotation>
          <xsd:documentation>An array of FrameworkAttributeInterface items.</xsd:documentation>
          <xsd:appinfo xmlns:inf="http://soap.upskills.in/soap/default?services=customerCustomerRepositoryV1"/>
        </xsd:annotation>
        <xsd:sequence>
          <xsd:element name="item" minOccurs="0" maxOccurs="unbounded" type="tns:FrameworkAttributeInterface">
            <xsd:annotation>
              <xsd:documentation>An item of ArrayOfFrameworkAttributeInterface.</xsd:documentation>
              <xsd:appinfo xmlns:inf="http://soap.upskills.in/soap/default?services=customerCustomerRepositoryV1"/>
            </xsd:annotation>
          </xsd:element>
        </xsd:sequence>
      </xsd:complexType>
      <xsd:complexType name="CustomerDataAddressInterface">
        <xsd:annotation>
          <xsd:documentation>Customer address interface.</xsd:documentation>
          <xsd:appinfo xmlns:inf="http://soap.upskills.in/soap/default?services=customerCustomerRepositoryV1"/>
        </xsd:annotation>
        <xsd:sequence>
          <xsd:element name="id" minOccurs="0" maxOccurs="1" type="xsd:int">
            <xsd:annotation>
              <xsd:documentation>ID</xsd:documentation>
              <xsd:appinfo xmlns:inf="http://soap.upskills.in/soap/default?services=customerCustomerRepositoryV1">
                <inf:min/>
                <inf:max/>
              </xsd:appinfo>
            </xsd:annotation>
          </xsd:element>
          <xsd:element name="customerId" minOccurs="0" maxOccurs="1" type="xsd:int">
            <xsd:annotation>
              <xsd:documentation>Customer ID</xsd:documentation>
              <xsd:appinfo xmlns:inf="http://soap.upskills.in/soap/default?services=customerCustomerRepositoryV1">
                <inf:min/>
                <inf:max/>
              </xsd:appinfo>
            </xsd:annotation>
          </xsd:element>
          <xsd:element name="region" minOccurs="0" maxOccurs="1" type="tns:CustomerDataRegionInterface">
            <xsd:annotation>
              <xsd:documentation>Region</xsd:documentation>
              <xsd:appinfo xmlns:inf="http://soap.upskills.in/soap/default?services=customerCustomerRepositoryV1"/>
            </xsd:annotation>
          </xsd:element>
          <xsd:element name="regionId" minOccurs="0" maxOccurs="1" type="xsd:int">
            <xsd:annotation>
              <xsd:documentation>Region ID</xsd:documentation>
              <xsd:appinfo xmlns:inf="http://soap.upskills.in/soap/default?services=customerCustomerRepositoryV1">
                <inf:min/>
                <inf:max/>
              </xsd:appinfo>
            </xsd:annotation>
          </xsd:element>
          <xsd:element name="countryId" minOccurs="0" maxOccurs="1" type="xsd:string">
            <xsd:annotation>
              <xsd:documentation>Country code in ISO_3166-2 format</xsd:documentation>
              <xsd:appinfo xmlns:inf="http://soap.upskills.in/soap/default?services=customerCustomerRepositoryV1">
                <inf:maxLength/>
              </xsd:appinfo>
            </xsd:annotation>
          </xsd:element>
          <xsd:element name="street" type="tns:ArrayOfString" minOccurs="0">
            <xsd:annotation>
              <xsd:documentation>Street</xsd:documentation>
              <xsd:appinfo xmlns:inf="http://soap.upskills.in/soap/default?services=customerCustomerRepositoryV1">
                <inf:natureOfType>array</inf:natureOfType>
              </xsd:appinfo>
            </xsd:annotation>
          </xsd:element>
          <xsd:element name="company" minOccurs="0" maxOccurs="1" type="xsd:string">
            <xsd:annotation>
              <xsd:documentation>Company</xsd:documentation>
              <xsd:appinfo xmlns:inf="http://soap.upskills.in/soap/default?services=customerCustomerRepositoryV1">
                <inf:maxLength/>
              </xsd:appinfo>
            </xsd:annotation>
          </xsd:element>
          <xsd:element name="telephone" minOccurs="0" maxOccurs="1" type="xsd:string">
            <xsd:annotation>
              <xsd:documentation>Telephone number</xsd:documentation>
              <xsd:appinfo xmlns:inf="http://soap.upskills.in/soap/default?services=customerCustomerRepositoryV1">
                <inf:maxLength/>
              </xsd:appinfo>
            </xsd:annotation>
          </xsd:element>
          <xsd:element name="fax" minOccurs="0" maxOccurs="1" type="xsd:string">
            <xsd:annotation>
              <xsd:documentation>Fax number</xsd:documentation>
              <xsd:appinfo xmlns:inf="http://soap.upskills.in/soap/default?services=customerCustomerRepositoryV1">
                <inf:maxLength/>
              </xsd:appinfo>
            </xsd:annotation>
          </xsd:element>
          <xsd:element name="postcode" minOccurs="0" maxOccurs="1" type="xsd:string">
            <xsd:annotation>
              <xsd:documentation>Postcode</xsd:documentation>
              <xsd:appinfo xmlns:inf="http://soap.upskills.in/soap/default?services=customerCustomerRepositoryV1">
                <inf:maxLength/>
              </xsd:appinfo>
            </xsd:annotation>
          </xsd:element>
          <xsd:element name="city" minOccurs="0" maxOccurs="1" type="xsd:string">
            <xsd:annotation>
              <xsd:documentation>City name</xsd:documentation>
              <xsd:appinfo xmlns:inf="http://soap.upskills.in/soap/default?services=customerCustomerRepositoryV1">
                <inf:maxLength/>
              </xsd:appinfo>
            </xsd:annotation>
          </xsd:element>
          <xsd:element name="firstname" minOccurs="0" maxOccurs="1" type="xsd:string">
            <xsd:annotation>
              <xsd:documentation>First name</xsd:documentation>
              <xsd:appinfo xmlns:inf="http://soap.upskills.in/soap/default?services=customerCustomerRepositoryV1">
                <inf:maxLength/>
              </xsd:appinfo>
            </xsd:annotation>
          </xsd:element>
          <xsd:element name="lastname" minOccurs="0" maxOccurs="1" type="xsd:string">
            <xsd:annotation>
              <xsd:documentation>Last name</xsd:documentation>
              <xsd:appinfo xmlns:inf="http://soap.upskills.in/soap/default?services=customerCustomerRepositoryV1">
                <inf:maxLength/>
              </xsd:appinfo>
            </xsd:annotation>
          </xsd:element>
          <xsd:element name="middlename" minOccurs="0" maxOccurs="1" type="xsd:string">
            <xsd:annotation>
              <xsd:documentation>Middle name</xsd:documentation>
              <xsd:appinfo xmlns:inf="http://soap.upskills.in/soap/default?services=customerCustomerRepositoryV1">
                <inf:maxLength/>
              </xsd:appinfo>
            </xsd:annotation>
          </xsd:element>
          <xsd:element name="prefix" minOccurs="0" maxOccurs="1" type="xsd:string">
            <xsd:annotation>
              <xsd:documentation>Prefix</xsd:documentation>
              <xsd:appinfo xmlns:inf="http://soap.upskills.in/soap/default?services=customerCustomerRepositoryV1">
                <inf:maxLength/>
              </xsd:appinfo>
            </xsd:annotation>
          </xsd:element>
          <xsd:element name="suffix" minOccurs="0" maxOccurs="1" type="xsd:string">
            <xsd:annotation>
              <xsd:documentation>Suffix</xsd:documentation>
              <xsd:appinfo xmlns:inf="http://soap.upskills.in/soap/default?services=customerCustomerRepositoryV1">
                <inf:maxLength/>
              </xsd:appinfo>
            </xsd:annotation>
          </xsd:element>
          <xsd:element name="vatId" minOccurs="0" maxOccurs="1" type="xsd:string">
            <xsd:annotation>
              <xsd:documentation>Vat id</xsd:documentation>
              <xsd:appinfo xmlns:inf="http://soap.upskills.in/soap/default?services=customerCustomerRepositoryV1">
                <inf:maxLength/>
              </xsd:appinfo>
            </xsd:annotation>
          </xsd:element>
          <xsd:element name="defaultShipping" minOccurs="0" maxOccurs="1" type="xsd:boolean">
            <xsd:annotation>
              <xsd:documentation>If this address is default shipping address.</xsd:documentation>
              <xsd:appinfo xmlns:inf="http://soap.upskills.in/soap/default?services=customerCustomerRepositoryV1">
                <inf:default>false</inf:default>
              </xsd:appinfo>
            </xsd:annotation>
          </xsd:element>
          <xsd:element name="defaultBilling" minOccurs="0" maxOccurs="1" type="xsd:boolean">
            <xsd:annotation>
              <xsd:documentation>If this address is default billing address</xsd:documentation>
              <xsd:appinfo xmlns:inf="http://soap.upskills.in/soap/default?services=customerCustomerRepositoryV1">
                <inf:default>false</inf:default>
              </xsd:appinfo>
            </xsd:annotation>
          </xsd:element>
          <xsd:element name="extensionAttributes" minOccurs="0" maxOccurs="1" type="tns:CustomerDataAddressExtensionInterface">
            <xsd:annotation>
              <xsd:documentation>Existing extension attributes object or create a new one.</xsd:documentation>
              <xsd:appinfo xmlns:inf="http://soap.upskills.in/soap/default?services=customerCustomerRepositoryV1"/>
            </xsd:annotation>
          </xsd:element>
          <xsd:element name="customAttributes" type="tns:ArrayOfFrameworkAttributeInterface" minOccurs="0">
            <xsd:annotation>
              <xsd:documentation>Custom attributes values.</xsd:documentation>
              <xsd:appinfo xmlns:inf="http://soap.upskills.in/soap/default?services=customerCustomerRepositoryV1">
                <inf:natureOfType>array</inf:natureOfType>
              </xsd:appinfo>
            </xsd:annotation>
          </xsd:element>
        </xsd:sequence>
      </xsd:complexType>
      <xsd:element name="customerCustomerRepositoryV1GetByIdRequest" type="tns:CustomerCustomerRepositoryV1GetByIdRequest"/>
      <xsd:complexType name="CustomerCustomerRepositoryV1GetByIdRequest">
        <xsd:annotation>
          <xsd:documentation>Get customer by Customer ID.</xsd:documentation>
          <xsd:appinfo xmlns:inf="http://soap.upskills.in/soap/default?services=customerCustomerRepositoryV1"/>
        </xsd:annotation>
        <xsd:sequence>
          <xsd:element name="customerId" minOccurs="1" maxOccurs="1" type="xsd:int">
            <xsd:annotation>
              <xsd:documentation/>
              <xsd:appinfo xmlns:inf="http://soap.upskills.in/soap/default?services=customerCustomerRepositoryV1">
                <inf:min/>
                <inf:max/>
                <inf:callInfo>
                  <inf:callName>customerCustomerRepositoryV1GetById</inf:callName>
                  <inf:requiredInput>Yes</inf:requiredInput>
                </inf:callInfo>
              </xsd:appinfo>
            </xsd:annotation>
          </xsd:element>
        </xsd:sequence>
      </xsd:complexType>
      <xsd:element name="customerCustomerRepositoryV1GetByIdResponse" type="tns:CustomerCustomerRepositoryV1GetByIdResponse"/>
      <xsd:complexType name="ArrayOfCustomerDataAddressInterface">
        <xsd:annotation>
          <xsd:documentation>An array of CustomerDataAddressInterface items.</xsd:documentation>
          <xsd:appinfo xmlns:inf="http://soap.upskills.in/soap/default?services=customerCustomerRepositoryV1"/>
        </xsd:annotation>
        <xsd:sequence>
          <xsd:element name="item" minOccurs="0" maxOccurs="unbounded" type="tns:CustomerDataAddressInterface">
            <xsd:annotation>
              <xsd:documentation>An item of ArrayOfCustomerDataAddressInterface.</xsd:documentation>
              <xsd:appinfo xmlns:inf="http://soap.upskills.in/soap/default?services=customerCustomerRepositoryV1">
                <inf:callInfo>
                  <inf:callName>customerCustomerRepositoryV1GetById</inf:callName>
                  <inf:callName>customerCustomerRepositoryV1Save</inf:callName>
                  <inf:returned>Conditionally</inf:returned>
                </inf:callInfo>
                <inf:callInfo>
                  <inf:callName>customerCustomerRepositoryV1Save</inf:callName>
                  <inf:requiredInput>No</inf:requiredInput>
                </inf:callInfo>
              </xsd:appinfo>
            </xsd:annotation>
          </xsd:element>
        </xsd:sequence>
      </xsd:complexType>
      <xsd:complexType name="CustomerDataCustomerExtensionInterface">
        <xsd:annotation>
          <xsd:documentation>ExtensionInterface class for @see \Magento\Customer\Api\Data\CustomerInterface</xsd:documentation>
          <xsd:appinfo xmlns:inf="http://soap.upskills.in/soap/default?services=customerCustomerRepositoryV1"/>
        </xsd:annotation>
        <xsd:sequence>
          <xsd:element name="isSubscribed" minOccurs="0" maxOccurs="1" type="xsd:boolean">
            <xsd:annotation>
              <xsd:documentation/>
              <xsd:appinfo xmlns:inf="http://soap.upskills.in/soap/default?services=customerCustomerRepositoryV1">
                <inf:default>false</inf:default>
                <inf:callInfo>
                  <inf:callName>customerCustomerRepositoryV1GetById</inf:callName>
                  <inf:callName>customerCustomerRepositoryV1Save</inf:callName>
                  <inf:returned>Conditionally</inf:returned>
                </inf:callInfo>
                <inf:callInfo>
                  <inf:callName>customerCustomerRepositoryV1Save</inf:callName>
                  <inf:requiredInput>No</inf:requiredInput>
                </inf:callInfo>
              </xsd:appinfo>
            </xsd:annotation>
          </xsd:element>
          <xsd:element name="amazonId" minOccurs="0" maxOccurs="1" type="xsd:string">
            <xsd:annotation>
              <xsd:documentation/>
              <xsd:appinfo xmlns:inf="http://soap.upskills.in/soap/default?services=customerCustomerRepositoryV1">
                <inf:maxLength/>
                <inf:callInfo>
                  <inf:callName>customerCustomerRepositoryV1GetById</inf:callName>
                  <inf:callName>customerCustomerRepositoryV1Save</inf:callName>
                  <inf:returned>Conditionally</inf:returned>
                </inf:callInfo>
                <inf:callInfo>
                  <inf:callName>customerCustomerRepositoryV1Save</inf:callName>
                  <inf:requiredInput>No</inf:requiredInput>
                </inf:callInfo>
              </xsd:appinfo>
            </xsd:annotation>
          </xsd:element>
          <xsd:element name="vertexCustomerCode" minOccurs="0" maxOccurs="1" type="xsd:string">
            <xsd:annotation>
              <xsd:documentation/>
              <xsd:appinfo xmlns:inf="http://soap.upskills.in/soap/default?services=customerCustomerRepositoryV1">
                <inf:maxLength/>
                <inf:callInfo>
                  <inf:callName>customerCustomerRepositoryV1GetById</inf:callName>
                  <inf:callName>customerCustomerRepositoryV1Save</inf:callName>
                  <inf:returned>Conditionally</inf:returned>
                </inf:callInfo>
                <inf:callInfo>
                  <inf:callName>customerCustomerRepositoryV1Save</inf:callName>
                  <inf:requiredInput>No</inf:requiredInput>
                </inf:callInfo>
              </xsd:appinfo>
            </xsd:annotation>
          </xsd:element>
        </xsd:sequence>
      </xsd:complexType>
      <xsd:complexType name="CustomerDataCustomerInterface">
        <xsd:annotation>
          <xsd:documentation>Customer interface.</xsd:documentation>
          <xsd:appinfo xmlns:inf="http://soap.upskills.in/soap/default?services=customerCustomerRepositoryV1"/>
        </xsd:annotation>
        <xsd:sequence>
          <xsd:element name="id" minOccurs="0" maxOccurs="1" type="xsd:int">
            <xsd:annotation>
              <xsd:documentation>Customer id</xsd:documentation>
              <xsd:appinfo xmlns:inf="http://soap.upskills.in/soap/default?services=customerCustomerRepositoryV1">
                <inf:min/>
                <inf:max/>
                <inf:callInfo>
                  <inf:callName>customerCustomerRepositoryV1GetById</inf:callName>
                  <inf:callName>customerCustomerRepositoryV1Save</inf:callName>
                  <inf:returned>Conditionally</inf:returned>
                </inf:callInfo>
                <inf:callInfo>
                  <inf:callName>customerCustomerRepositoryV1Save</inf:callName>
                  <inf:requiredInput>No</inf:requiredInput>
                </inf:callInfo>
              </xsd:appinfo>
            </xsd:annotation>
          </xsd:element>
          <xsd:element name="groupId" minOccurs="0" maxOccurs="1" type="xsd:int">
            <xsd:annotation>
              <xsd:documentation>Group id</xsd:documentation>
              <xsd:appinfo xmlns:inf="http://soap.upskills.in/soap/default?services=customerCustomerRepositoryV1">
                <inf:min/>
                <inf:max/>
                <inf:callInfo>
                  <inf:callName>customerCustomerRepositoryV1GetById</inf:callName>
                  <inf:callName>customerCustomerRepositoryV1Save</inf:callName>
                  <inf:returned>Conditionally</inf:returned>
                </inf:callInfo>
                <inf:callInfo>
                  <inf:callName>customerCustomerRepositoryV1Save</inf:callName>
                  <inf:requiredInput>No</inf:requiredInput>
                </inf:callInfo>
              </xsd:appinfo>
            </xsd:annotation>
          </xsd:element>
          <xsd:element name="defaultBilling" minOccurs="0" maxOccurs="1" type="xsd:string">
            <xsd:annotation>
              <xsd:documentation>Default billing address id</xsd:documentation>
              <xsd:appinfo xmlns:inf="http://soap.upskills.in/soap/default?services=customerCustomerRepositoryV1">
                <inf:maxLength/>
                <inf:callInfo>
                  <inf:callName>customerCustomerRepositoryV1GetById</inf:callName>
                  <inf:callName>customerCustomerRepositoryV1Save</inf:callName>
                  <inf:returned>Conditionally</inf:returned>
                </inf:callInfo>
                <inf:callInfo>
                  <inf:callName>customerCustomerRepositoryV1Save</inf:callName>
                  <inf:requiredInput>No</inf:requiredInput>
                </inf:callInfo>
              </xsd:appinfo>
            </xsd:annotation>
          </xsd:element>
          <xsd:element name="defaultShipping" minOccurs="0" maxOccurs="1" type="xsd:string">
            <xsd:annotation>
              <xsd:documentation>Default shipping address id</xsd:documentation>
              <xsd:appinfo xmlns:inf="http://soap.upskills.in/soap/default?services=customerCustomerRepositoryV1">
                <inf:maxLength/>
                <inf:callInfo>
                  <inf:callName>customerCustomerRepositoryV1GetById</inf:callName>
                  <inf:callName>customerCustomerRepositoryV1Save</inf:callName>
                  <inf:returned>Conditionally</inf:returned>
                </inf:callInfo>
                <inf:callInfo>
                  <inf:callName>customerCustomerRepositoryV1Save</inf:callName>
                  <inf:requiredInput>No</inf:requiredInput>
                </inf:callInfo>
              </xsd:appinfo>
            </xsd:annotation>
          </xsd:element>
          <xsd:element name="confirmation" minOccurs="0" maxOccurs="1" type="xsd:string">
            <xsd:annotation>
              <xsd:documentation>Confirmation</xsd:documentation>
              <xsd:appinfo xmlns:inf="http://soap.upskills.in/soap/default?services=customerCustomerRepositoryV1">
                <inf:maxLength/>
                <inf:callInfo>
                  <inf:callName>customerCustomerRepositoryV1GetById</inf:callName>
                  <inf:callName>customerCustomerRepositoryV1Save</inf:callName>
                  <inf:returned>Conditionally</inf:returned>
                </inf:callInfo>
                <inf:callInfo>
                  <inf:callName>customerCustomerRepositoryV1Save</inf:callName>
                  <inf:requiredInput>No</inf:requiredInput>
                </inf:callInfo>
              </xsd:appinfo>
            </xsd:annotation>
          </xsd:element>
          <xsd:element name="createdAt" minOccurs="0" maxOccurs="1" type="xsd:string">
            <xsd:annotation>
              <xsd:documentation>Created at time</xsd:documentation>
              <xsd:appinfo xmlns:inf="http://soap.upskills.in/soap/default?services=customerCustomerRepositoryV1">
                <inf:maxLength/>
                <inf:callInfo>
                  <inf:callName>customerCustomerRepositoryV1GetById</inf:callName>
                  <inf:callName>customerCustomerRepositoryV1Save</inf:callName>
                  <inf:returned>Conditionally</inf:returned>
                </inf:callInfo>
                <inf:callInfo>
                  <inf:callName>customerCustomerRepositoryV1Save</inf:callName>
                  <inf:requiredInput>No</inf:requiredInput>
                </inf:callInfo>
              </xsd:appinfo>
            </xsd:annotation>
          </xsd:element>
          <xsd:element name="updatedAt" minOccurs="0" maxOccurs="1" type="xsd:string">
            <xsd:annotation>
              <xsd:documentation>Updated at time</xsd:documentation>
              <xsd:appinfo xmlns:inf="http://soap.upskills.in/soap/default?services=customerCustomerRepositoryV1">
                <inf:maxLength/>
                <inf:callInfo>
                  <inf:callName>customerCustomerRepositoryV1GetById</inf:callName>
                  <inf:callName>customerCustomerRepositoryV1Save</inf:callName>
                  <inf:returned>Conditionally</inf:returned>
                </inf:callInfo>
                <inf:callInfo>
                  <inf:callName>customerCustomerRepositoryV1Save</inf:callName>
                  <inf:requiredInput>No</inf:requiredInput>
                </inf:callInfo>
              </xsd:appinfo>
            </xsd:annotation>
          </xsd:element>
          <xsd:element name="createdIn" minOccurs="0" maxOccurs="1" type="xsd:string">
            <xsd:annotation>
              <xsd:documentation>Created in area</xsd:documentation>
              <xsd:appinfo xmlns:inf="http://soap.upskills.in/soap/default?services=customerCustomerRepositoryV1">
                <inf:maxLength/>
                <inf:callInfo>
                  <inf:callName>customerCustomerRepositoryV1GetById</inf:callName>
                  <inf:callName>customerCustomerRepositoryV1Save</inf:callName>
                  <inf:returned>Conditionally</inf:returned>
                </inf:callInfo>
                <inf:callInfo>
                  <inf:callName>customerCustomerRepositoryV1Save</inf:callName>
                  <inf:requiredInput>No</inf:requiredInput>
                </inf:callInfo>
              </xsd:appinfo>
            </xsd:annotation>
          </xsd:element>
          <xsd:element name="dob" minOccurs="0" maxOccurs="1" type="xsd:string">
            <xsd:annotation>
              <xsd:documentation>Date of birth</xsd:documentation>
              <xsd:appinfo xmlns:inf="http://soap.upskills.in/soap/default?services=customerCustomerRepositoryV1">
                <inf:maxLength/>
                <inf:callInfo>
                  <inf:callName>customerCustomerRepositoryV1GetById</inf:callName>
                  <inf:callName>customerCustomerRepositoryV1Save</inf:callName>
                  <inf:returned>Conditionally</inf:returned>
                </inf:callInfo>
                <inf:callInfo>
                  <inf:callName>customerCustomerRepositoryV1Save</inf:callName>
                  <inf:requiredInput>No</inf:requiredInput>
                </inf:callInfo>
              </xsd:appinfo>
            </xsd:annotation>
          </xsd:element>
          <xsd:element name="email" minOccurs="1" maxOccurs="1" type="xsd:string">
            <xsd:annotation>
              <xsd:documentation>Email address</xsd:documentation>
              <xsd:appinfo xmlns:inf="http://soap.upskills.in/soap/default?services=customerCustomerRepositoryV1">
                <inf:maxLength/>
                <inf:callInfo>
                  <inf:callName>customerCustomerRepositoryV1GetById</inf:callName>
                  <inf:callName>customerCustomerRepositoryV1Save</inf:callName>
                  <inf:returned>Conditionally</inf:returned>
                </inf:callInfo>
                <inf:callInfo>
                  <inf:callName>customerCustomerRepositoryV1Save</inf:callName>
                  <inf:requiredInput>No</inf:requiredInput>
                </inf:callInfo>
              </xsd:appinfo>
            </xsd:annotation>
          </xsd:element>
          <xsd:element name="firstname" minOccurs="1" maxOccurs="1" type="xsd:string">
            <xsd:annotation>
              <xsd:documentation>First name</xsd:documentation>
              <xsd:appinfo xmlns:inf="http://soap.upskills.in/soap/default?services=customerCustomerRepositoryV1">
                <inf:maxLength/>
                <inf:callInfo>
                  <inf:callName>customerCustomerRepositoryV1GetById</inf:callName>
                  <inf:callName>customerCustomerRepositoryV1Save</inf:callName>
                  <inf:returned>Conditionally</inf:returned>
                </inf:callInfo>
                <inf:callInfo>
                  <inf:callName>customerCustomerRepositoryV1Save</inf:callName>
                  <inf:requiredInput>No</inf:requiredInput>
                </inf:callInfo>
              </xsd:appinfo>
            </xsd:annotation>
          </xsd:element>
          <xsd:element name="lastname" minOccurs="1" maxOccurs="1" type="xsd:string">
            <xsd:annotation>
              <xsd:documentation>Last name</xsd:documentation>
              <xsd:appinfo xmlns:inf="http://soap.upskills.in/soap/default?services=customerCustomerRepositoryV1">
                <inf:maxLength/>
                <inf:callInfo>
                  <inf:callName>customerCustomerRepositoryV1GetById</inf:callName>
                  <inf:callName>customerCustomerRepositoryV1Save</inf:callName>
                  <inf:returned>Conditionally</inf:returned>
                </inf:callInfo>
                <inf:callInfo>
                  <inf:callName>customerCustomerRepositoryV1Save</inf:callName>
                  <inf:requiredInput>No</inf:requiredInput>
                </inf:callInfo>
              </xsd:appinfo>
            </xsd:annotation>
          </xsd:element>
          <xsd:element name="middlename" minOccurs="0" maxOccurs="1" type="xsd:string">
            <xsd:annotation>
              <xsd:documentation>Middle name</xsd:documentation>
              <xsd:appinfo xmlns:inf="http://soap.upskills.in/soap/default?services=customerCustomerRepositoryV1">
                <inf:maxLength/>
                <inf:callInfo>
                  <inf:callName>customerCustomerRepositoryV1GetById</inf:callName>
                  <inf:callName>customerCustomerRepositoryV1Save</inf:callName>
                  <inf:returned>Conditionally</inf:returned>
                </inf:callInfo>
                <inf:callInfo>
                  <inf:callName>customerCustomerRepositoryV1Save</inf:callName>
                  <inf:requiredInput>No</inf:requiredInput>
                </inf:callInfo>
              </xsd:appinfo>
            </xsd:annotation>
          </xsd:element>
          <xsd:element name="prefix" minOccurs="0" maxOccurs="1" type="xsd:string">
            <xsd:annotation>
              <xsd:documentation>Prefix</xsd:documentation>
              <xsd:appinfo xmlns:inf="http://soap.upskills.in/soap/default?services=customerCustomerRepositoryV1">
                <inf:maxLength/>
                <inf:callInfo>
                  <inf:callName>customerCustomerRepositoryV1GetById</inf:callName>
                  <inf:callName>customerCustomerRepositoryV1Save</inf:callName>
                  <inf:returned>Conditionally</inf:returned>
                </inf:callInfo>
                <inf:callInfo>
                  <inf:callName>customerCustomerRepositoryV1Save</inf:callName>
                  <inf:requiredInput>No</inf:requiredInput>
                </inf:callInfo>
              </xsd:appinfo>
            </xsd:annotation>
          </xsd:element>
          <xsd:element name="suffix" minOccurs="0" maxOccurs="1" type="xsd:string">
            <xsd:annotation>
              <xsd:documentation>Suffix</xsd:documentation>
              <xsd:appinfo xmlns:inf="http://soap.upskills.in/soap/default?services=customerCustomerRepositoryV1">
                <inf:maxLength/>
                <inf:callInfo>
                  <inf:callName>customerCustomerRepositoryV1GetById</inf:callName>
                  <inf:callName>customerCustomerRepositoryV1Save</inf:callName>
                  <inf:returned>Conditionally</inf:returned>
                </inf:callInfo>
                <inf:callInfo>
                  <inf:callName>customerCustomerRepositoryV1Save</inf:callName>
                  <inf:requiredInput>No</inf:requiredInput>
                </inf:callInfo>
              </xsd:appinfo>
            </xsd:annotation>
          </xsd:element>
          <xsd:element name="gender" minOccurs="0" maxOccurs="1" type="xsd:int">
            <xsd:annotation>
              <xsd:documentation>Gender</xsd:documentation>
              <xsd:appinfo xmlns:inf="http://soap.upskills.in/soap/default?services=customerCustomerRepositoryV1">
                <inf:min/>
                <inf:max/>
                <inf:callInfo>
                  <inf:callName>customerCustomerRepositoryV1GetById</inf:callName>
                  <inf:callName>customerCustomerRepositoryV1Save</inf:callName>
                  <inf:returned>Conditionally</inf:returned>
                </inf:callInfo>
                <inf:callInfo>
                  <inf:callName>customerCustomerRepositoryV1Save</inf:callName>
                  <inf:requiredInput>No</inf:requiredInput>
                </inf:callInfo>
              </xsd:appinfo>
            </xsd:annotation>
          </xsd:element>
          <xsd:element name="storeId" minOccurs="0" maxOccurs="1" type="xsd:int">
            <xsd:annotation>
              <xsd:documentation>Store id</xsd:documentation>
              <xsd:appinfo xmlns:inf="http://soap.upskills.in/soap/default?services=customerCustomerRepositoryV1">
                <inf:min/>
                <inf:max/>
                <inf:callInfo>
                  <inf:callName>customerCustomerRepositoryV1GetById</inf:callName>
                  <inf:callName>customerCustomerRepositoryV1Save</inf:callName>
                  <inf:returned>Conditionally</inf:returned>
                </inf:callInfo>
                <inf:callInfo>
                  <inf:callName>customerCustomerRepositoryV1Save</inf:callName>
                  <inf:requiredInput>No</inf:requiredInput>
                </inf:callInfo>
              </xsd:appinfo>
            </xsd:annotation>
          </xsd:element>
          <xsd:element name="taxvat" minOccurs="0" maxOccurs="1" type="xsd:string">
            <xsd:annotation>
              <xsd:documentation>Tax Vat</xsd:documentation>
              <xsd:appinfo xmlns:inf="http://soap.upskills.in/soap/default?services=customerCustomerRepositoryV1">
                <inf:maxLength/>
                <inf:callInfo>
                  <inf:callName>customerCustomerRepositoryV1GetById</inf:callName>
                  <inf:callName>customerCustomerRepositoryV1Save</inf:callName>
                  <inf:returned>Conditionally</inf:returned>
                </inf:callInfo>
                <inf:callInfo>
                  <inf:callName>customerCustomerRepositoryV1Save</inf:callName>
                  <inf:requiredInput>No</inf:requiredInput>
                </inf:callInfo>
              </xsd:appinfo>
            </xsd:annotation>
          </xsd:element>
          <xsd:element name="websiteId" minOccurs="0" maxOccurs="1" type="xsd:int">
            <xsd:annotation>
              <xsd:documentation>Website id</xsd:documentation>
              <xsd:appinfo xmlns:inf="http://soap.upskills.in/soap/default?services=customerCustomerRepositoryV1">
                <inf:min/>
                <inf:max/>
                <inf:callInfo>
                  <inf:callName>customerCustomerRepositoryV1GetById</inf:callName>
                  <inf:callName>customerCustomerRepositoryV1Save</inf:callName>
                  <inf:returned>Conditionally</inf:returned>
                </inf:callInfo>
                <inf:callInfo>
                  <inf:callName>customerCustomerRepositoryV1Save</inf:callName>
                  <inf:requiredInput>No</inf:requiredInput>
                </inf:callInfo>
              </xsd:appinfo>
            </xsd:annotation>
          </xsd:element>
          <xsd:element name="addresses" type="tns:ArrayOfCustomerDataAddressInterface" minOccurs="0">
            <xsd:annotation>
              <xsd:documentation>Customer addresses.</xsd:documentation>
              <xsd:appinfo xmlns:inf="http://soap.upskills.in/soap/default?services=customerCustomerRepositoryV1">
                <inf:natureOfType>array</inf:natureOfType>
                <inf:callInfo>
                  <inf:callName>customerCustomerRepositoryV1GetById</inf:callName>
                  <inf:callName>customerCustomerRepositoryV1Save</inf:callName>
                  <inf:returned>Conditionally</inf:returned>
                </inf:callInfo>
                <inf:callInfo>
                  <inf:callName>customerCustomerRepositoryV1Save</inf:callName>
                  <inf:requiredInput>No</inf:requiredInput>
                </inf:callInfo>
              </xsd:appinfo>
            </xsd:annotation>
          </xsd:element>
          <xsd:element name="disableAutoGroupChange" minOccurs="0" maxOccurs="1" type="xsd:int">
            <xsd:annotation>
              <xsd:documentation>Disable auto group change flag.</xsd:documentation>
              <xsd:appinfo xmlns:inf="http://soap.upskills.in/soap/default?services=customerCustomerRepositoryV1">
                <inf:min/>
                <inf:max/>
                <inf:callInfo>
                  <inf:callName>customerCustomerRepositoryV1GetById</inf:callName>
                  <inf:callName>customerCustomerRepositoryV1Save</inf:callName>
                  <inf:returned>Conditionally</inf:returned>
                </inf:callInfo>
                <inf:callInfo>
                  <inf:callName>customerCustomerRepositoryV1Save</inf:callName>
                  <inf:requiredInput>No</inf:requiredInput>
                </inf:callInfo>
              </xsd:appinfo>
            </xsd:annotation>
          </xsd:element>
          <xsd:element name="extensionAttributes" minOccurs="0" maxOccurs="1" type="tns:CustomerDataCustomerExtensionInterface">
            <xsd:annotation>
              <xsd:documentation>Existing extension attributes object or create a new one.</xsd:documentation>
              <xsd:appinfo xmlns:inf="http://soap.upskills.in/soap/default?services=customerCustomerRepositoryV1">
                <inf:callInfo>
                  <inf:callName>customerCustomerRepositoryV1GetById</inf:callName>
                  <inf:callName>customerCustomerRepositoryV1Save</inf:callName>
                  <inf:returned>Conditionally</inf:returned>
                </inf:callInfo>
                <inf:callInfo>
                  <inf:callName>customerCustomerRepositoryV1Save</inf:callName>
                  <inf:requiredInput>No</inf:requiredInput>
                </inf:callInfo>
              </xsd:appinfo>
            </xsd:annotation>
          </xsd:element>
          <xsd:element name="customAttributes" type="tns:ArrayOfFrameworkAttributeInterface" minOccurs="0">
            <xsd:annotation>
              <xsd:documentation>Custom attributes values.</xsd:documentation>
              <xsd:appinfo xmlns:inf="http://soap.upskills.in/soap/default?services=customerCustomerRepositoryV1">
                <inf:natureOfType>array</inf:natureOfType>
                <inf:callInfo>
                  <inf:callName>customerCustomerRepositoryV1GetById</inf:callName>
                  <inf:callName>customerCustomerRepositoryV1Save</inf:callName>
                  <inf:returned>Conditionally</inf:returned>
                </inf:callInfo>
                <inf:callInfo>
                  <inf:callName>customerCustomerRepositoryV1Save</inf:callName>
                  <inf:requiredInput>No</inf:requiredInput>
                </inf:callInfo>
              </xsd:appinfo>
            </xsd:annotation>
          </xsd:element>
        </xsd:sequence>
      </xsd:complexType>
      <xsd:complexType name="CustomerCustomerRepositoryV1GetByIdResponse">
        <xsd:annotation>
          <xsd:documentation>Response container for the customerCustomerRepositoryV1GetById call.</xsd:documentation>
          <xsd:appinfo xmlns:inf="http://soap.upskills.in/soap/default?services=customerCustomerRepositoryV1"/>
        </xsd:annotation>
        <xsd:sequence>
          <xsd:element name="result" minOccurs="1" maxOccurs="1" type="tns:CustomerDataCustomerInterface">
            <xsd:annotation>
              <xsd:documentation/>
              <xsd:appinfo xmlns:inf="http://soap.upskills.in/soap/default?services=customerCustomerRepositoryV1">
                <inf:callInfo>
                  <inf:callName>customerCustomerRepositoryV1GetById</inf:callName>
                  <inf:returned>Always</inf:returned>
                </inf:callInfo>
              </xsd:appinfo>
            </xsd:annotation>
          </xsd:element>
        </xsd:sequence>
      </xsd:complexType>
      <xsd:element name="customerCustomerRepositoryV1SaveRequest" type="tns:CustomerCustomerRepositoryV1SaveRequest"/>
      <xsd:complexType name="CustomerCustomerRepositoryV1SaveRequest">
        <xsd:annotation>
          <xsd:documentation>Create or update a customer.</xsd:documentation>
          <xsd:appinfo xmlns:inf="http://soap.upskills.in/soap/default?services=customerCustomerRepositoryV1"/>
        </xsd:annotation>
        <xsd:sequence>
          <xsd:element name="customer" minOccurs="1" maxOccurs="1" type="tns:CustomerDataCustomerInterface">
            <xsd:annotation>
              <xsd:documentation/>
              <xsd:appinfo xmlns:inf="http://soap.upskills.in/soap/default?services=customerCustomerRepositoryV1">
                <inf:callInfo>
                  <inf:callName>customerCustomerRepositoryV1Save</inf:callName>
                  <inf:requiredInput>Yes</inf:requiredInput>
                </inf:callInfo>
              </xsd:appinfo>
            </xsd:annotation>
          </xsd:element>
          <xsd:element name="passwordHash" minOccurs="0" maxOccurs="1" type="xsd:string">
            <xsd:annotation>
              <xsd:documentation/>
              <xsd:appinfo xmlns:inf="http://soap.upskills.in/soap/default?services=customerCustomerRepositoryV1">
                <inf:maxLength/>
                <inf:callInfo>
                  <inf:callName>customerCustomerRepositoryV1Save</inf:callName>
                  <inf:requiredInput>No</inf:requiredInput>
                </inf:callInfo>
              </xsd:appinfo>
            </xsd:annotation>
          </xsd:element>
        </xsd:sequence>
      </xsd:complexType>
      <xsd:element name="customerCustomerRepositoryV1SaveResponse" type="tns:CustomerCustomerRepositoryV1SaveResponse"/>
      <xsd:complexType name="CustomerCustomerRepositoryV1SaveResponse">
        <xsd:annotation>
          <xsd:documentation>Response container for the customerCustomerRepositoryV1Save call.</xsd:documentation>
          <xsd:appinfo xmlns:inf="http://soap.upskills.in/soap/default?services=customerCustomerRepositoryV1"/>
        </xsd:annotation>
        <xsd:sequence>
          <xsd:element name="result" minOccurs="1" maxOccurs="1" type="tns:CustomerDataCustomerInterface">
            <xsd:annotation>
              <xsd:documentation/>
              <xsd:appinfo xmlns:inf="http://soap.upskills.in/soap/default?services=customerCustomerRepositoryV1">
                <inf:callInfo>
                  <inf:callName>customerCustomerRepositoryV1Save</inf:callName>
                  <inf:returned>Always</inf:returned>
                </inf:callInfo>
              </xsd:appinfo>
            </xsd:annotation>
          </xsd:element>
        </xsd:sequence>
      </xsd:complexType>
      <xsd:element name="customerCustomerRepositoryV1GetListRequest" type="tns:CustomerCustomerRepositoryV1GetListRequest"/>
      <xsd:complexType name="FrameworkFilter">
        <xsd:annotation>
          <xsd:documentation>Filter which can be used by any methods from service layer.</xsd:documentation>
          <xsd:appinfo xmlns:inf="http://soap.upskills.in/soap/default?services=customerCustomerRepositoryV1"/>
        </xsd:annotation>
        <xsd:sequence>
          <xsd:element name="field" minOccurs="1" maxOccurs="1" type="xsd:string">
            <xsd:annotation>
              <xsd:documentation>Field</xsd:documentation>
              <xsd:appinfo xmlns:inf="http://soap.upskills.in/soap/default?services=customerCustomerRepositoryV1">
                <inf:maxLength/>
                <inf:callInfo>
                  <inf:callName>customerCustomerRepositoryV1GetList</inf:callName>
                  <inf:requiredInput>No</inf:requiredInput>
                </inf:callInfo>
              </xsd:appinfo>
            </xsd:annotation>
          </xsd:element>
          <xsd:element name="value" minOccurs="1" maxOccurs="1" type="xsd:string">
            <xsd:annotation>
              <xsd:documentation>Value</xsd:documentation>
              <xsd:appinfo xmlns:inf="http://soap.upskills.in/soap/default?services=customerCustomerRepositoryV1">
                <inf:maxLength/>
                <inf:callInfo>
                  <inf:callName>customerCustomerRepositoryV1GetList</inf:callName>
                  <inf:requiredInput>No</inf:requiredInput>
                </inf:callInfo>
              </xsd:appinfo>
            </xsd:annotation>
          </xsd:element>
          <xsd:element name="conditionType" minOccurs="0" maxOccurs="1" type="xsd:string">
            <xsd:annotation>
              <xsd:documentation>Condition type</xsd:documentation>
              <xsd:appinfo xmlns:inf="http://soap.upskills.in/soap/default?services=customerCustomerRepositoryV1">
                <inf:maxLength/>
                <inf:callInfo>
                  <inf:callName>customerCustomerRepositoryV1GetList</inf:callName>
                  <inf:requiredInput>No</inf:requiredInput>
                </inf:callInfo>
              </xsd:appinfo>
            </xsd:annotation>
          </xsd:element>
        </xsd:sequence>
      </xsd:complexType>
      <xsd:complexType name="ArrayOfFrameworkFilter">
        <xsd:annotation>
          <xsd:documentation>An array of FrameworkFilter items.</xsd:documentation>
          <xsd:appinfo xmlns:inf="http://soap.upskills.in/soap/default?services=customerCustomerRepositoryV1"/>
        </xsd:annotation>
        <xsd:sequence>
          <xsd:element name="item" minOccurs="0" maxOccurs="unbounded" type="tns:FrameworkFilter">
            <xsd:annotation>
              <xsd:documentation>An item of ArrayOfFrameworkFilter.</xsd:documentation>
              <xsd:appinfo xmlns:inf="http://soap.upskills.in/soap/default?services=customerCustomerRepositoryV1">
                <inf:callInfo>
                  <inf:callName>customerCustomerRepositoryV1GetList</inf:callName>
                  <inf:requiredInput>No</inf:requiredInput>
                </inf:callInfo>
              </xsd:appinfo>
            </xsd:annotation>
          </xsd:element>
        </xsd:sequence>
      </xsd:complexType>
      <xsd:complexType name="FrameworkSearchFilterGroup">
        <xsd:annotation>
          <xsd:documentation>Groups two or more filters together using a logical OR</xsd:documentation>
          <xsd:appinfo xmlns:inf="http://soap.upskills.in/soap/default?services=customerCustomerRepositoryV1"/>
        </xsd:annotation>
        <xsd:sequence>
          <xsd:element name="filters" type="tns:ArrayOfFrameworkFilter" minOccurs="0">
            <xsd:annotation>
              <xsd:documentation>A list of filters in this group</xsd:documentation>
              <xsd:appinfo xmlns:inf="http://soap.upskills.in/soap/default?services=customerCustomerRepositoryV1">
                <inf:natureOfType>array</inf:natureOfType>
                <inf:callInfo>
                  <inf:callName>customerCustomerRepositoryV1GetList</inf:callName>
                  <inf:requiredInput>No</inf:requiredInput>
                </inf:callInfo>
              </xsd:appinfo>
            </xsd:annotation>
          </xsd:element>
        </xsd:sequence>
      </xsd:complexType>
      <xsd:complexType name="ArrayOfFrameworkSearchFilterGroup">
        <xsd:annotation>
          <xsd:documentation>An array of FrameworkSearchFilterGroup items.</xsd:documentation>
          <xsd:appinfo xmlns:inf="http://soap.upskills.in/soap/default?services=customerCustomerRepositoryV1"/>
        </xsd:annotation>
        <xsd:sequence>
          <xsd:element name="item" minOccurs="0" maxOccurs="unbounded" type="tns:FrameworkSearchFilterGroup">
            <xsd:annotation>
              <xsd:documentation>An item of ArrayOfFrameworkSearchFilterGroup.</xsd:documentation>
              <xsd:appinfo xmlns:inf="http://soap.upskills.in/soap/default?services=customerCustomerRepositoryV1">
                <inf:callInfo>
                  <inf:callName>customerCustomerRepositoryV1GetList</inf:callName>
                  <inf:requiredInput>No</inf:requiredInput>
                </inf:callInfo>
              </xsd:appinfo>
            </xsd:annotation>
          </xsd:element>
        </xsd:sequence>
      </xsd:complexType>
      <xsd:complexType name="FrameworkSortOrder">
        <xsd:annotation>
          <xsd:documentation>Data object for sort order.</xsd:documentation>
          <xsd:appinfo xmlns:inf="http://soap.upskills.in/soap/default?services=customerCustomerRepositoryV1"/>
        </xsd:annotation>
        <xsd:sequence>
          <xsd:element name="field" minOccurs="1" maxOccurs="1" type="xsd:string">
            <xsd:annotation>
              <xsd:documentation>Sorting field.</xsd:documentation>
              <xsd:appinfo xmlns:inf="http://soap.upskills.in/soap/default?services=customerCustomerRepositoryV1">
                <inf:maxLength/>
                <inf:callInfo>
                  <inf:callName>customerCustomerRepositoryV1GetList</inf:callName>
                  <inf:requiredInput>No</inf:requiredInput>
                </inf:callInfo>
              </xsd:appinfo>
            </xsd:annotation>
          </xsd:element>
          <xsd:element name="direction" minOccurs="1" maxOccurs="1" type="xsd:string">
            <xsd:annotation>
              <xsd:documentation>Sorting direction.</xsd:documentation>
              <xsd:appinfo xmlns:inf="http://soap.upskills.in/soap/default?services=customerCustomerRepositoryV1">
                <inf:maxLength/>
                <inf:callInfo>
                  <inf:callName>customerCustomerRepositoryV1GetList</inf:callName>
                  <inf:requiredInput>No</inf:requiredInput>
                </inf:callInfo>
              </xsd:appinfo>
            </xsd:annotation>
          </xsd:element>
        </xsd:sequence>
      </xsd:complexType>
      <xsd:complexType name="ArrayOfFrameworkSortOrder">
        <xsd:annotation>
          <xsd:documentation>An array of FrameworkSortOrder items.</xsd:documentation>
          <xsd:appinfo xmlns:inf="http://soap.upskills.in/soap/default?services=customerCustomerRepositoryV1"/>
        </xsd:annotation>
        <xsd:sequence>
          <xsd:element name="item" minOccurs="0" maxOccurs="unbounded" type="tns:FrameworkSortOrder">
            <xsd:annotation>
              <xsd:documentation>An item of ArrayOfFrameworkSortOrder.</xsd:documentation>
              <xsd:appinfo xmlns:inf="http://soap.upskills.in/soap/default?services=customerCustomerRepositoryV1">
                <inf:callInfo>
                  <inf:callName>customerCustomerRepositoryV1GetList</inf:callName>
                  <inf:requiredInput>No</inf:requiredInput>
                </inf:callInfo>
              </xsd:appinfo>
            </xsd:annotation>
          </xsd:element>
        </xsd:sequence>
      </xsd:complexType>
      <xsd:complexType name="FrameworkSearchCriteriaInterface">
        <xsd:annotation>
          <xsd:documentation>Search criteria interface.</xsd:documentation>
          <xsd:appinfo xmlns:inf="http://soap.upskills.in/soap/default?services=customerCustomerRepositoryV1"/>
        </xsd:annotation>
        <xsd:sequence>
          <xsd:element name="filterGroups" type="tns:ArrayOfFrameworkSearchFilterGroup">
            <xsd:annotation>
              <xsd:documentation>A list of filter groups.</xsd:documentation>
              <xsd:appinfo xmlns:inf="http://soap.upskills.in/soap/default?services=customerCustomerRepositoryV1">
                <inf:natureOfType>array</inf:natureOfType>
                <inf:callInfo>
                  <inf:callName>customerCustomerRepositoryV1GetList</inf:callName>
                  <inf:requiredInput>Yes</inf:requiredInput>
                </inf:callInfo>
              </xsd:appinfo>
            </xsd:annotation>
          </xsd:element>
          <xsd:element name="sortOrders" type="tns:ArrayOfFrameworkSortOrder" minOccurs="0">
            <xsd:annotation>
              <xsd:documentation>Sort order.</xsd:documentation>
              <xsd:appinfo xmlns:inf="http://soap.upskills.in/soap/default?services=customerCustomerRepositoryV1">
                <inf:natureOfType>array</inf:natureOfType>
                <inf:callInfo>
                  <inf:callName>customerCustomerRepositoryV1GetList</inf:callName>
                  <inf:requiredInput>No</inf:requiredInput>
                </inf:callInfo>
              </xsd:appinfo>
            </xsd:annotation>
          </xsd:element>
          <xsd:element name="pageSize" minOccurs="0" maxOccurs="1" type="xsd:int">
            <xsd:annotation>
              <xsd:documentation>Page size.</xsd:documentation>
              <xsd:appinfo xmlns:inf="http://soap.upskills.in/soap/default?services=customerCustomerRepositoryV1">
                <inf:min/>
                <inf:max/>
                <inf:callInfo>
                  <inf:callName>customerCustomerRepositoryV1GetList</inf:callName>
                  <inf:requiredInput>No</inf:requiredInput>
                </inf:callInfo>
              </xsd:appinfo>
            </xsd:annotation>
          </xsd:element>
          <xsd:element name="currentPage" minOccurs="0" maxOccurs="1" type="xsd:int">
            <xsd:annotation>
              <xsd:documentation>Current page.</xsd:documentation>
              <xsd:appinfo xmlns:inf="http://soap.upskills.in/soap/default?services=customerCustomerRepositoryV1">
                <inf:min/>
                <inf:max/>
                <inf:callInfo>
                  <inf:callName>customerCustomerRepositoryV1GetList</inf:callName>
                  <inf:requiredInput>No</inf:requiredInput>
                </inf:callInfo>
              </xsd:appinfo>
            </xsd:annotation>
          </xsd:element>
        </xsd:sequence>
      </xsd:complexType>
      <xsd:complexType name="CustomerCustomerRepositoryV1GetListRequest">
        <xsd:annotation>
          <xsd:documentation>Retrieve customers which match a specified criteria. This call returns an array of objects, but detailed information about each object’s attributes might not be included. See https://devdocs.magento.com/codelinks/attributes.html#CustomerRepositoryInterface to determine which call to use to get detailed information about all attributes for an object.</xsd:documentation>
          <xsd:appinfo xmlns:inf="http://soap.upskills.in/soap/default?services=customerCustomerRepositoryV1"/>
        </xsd:annotation>
        <xsd:sequence>
          <xsd:element name="searchCriteria" minOccurs="1" maxOccurs="1" type="tns:FrameworkSearchCriteriaInterface">
            <xsd:annotation>
              <xsd:documentation/>
              <xsd:appinfo xmlns:inf="http://soap.upskills.in/soap/default?services=customerCustomerRepositoryV1">
                <inf:callInfo>
                  <inf:callName>customerCustomerRepositoryV1GetList</inf:callName>
                  <inf:requiredInput>Yes</inf:requiredInput>
                </inf:callInfo>
              </xsd:appinfo>
            </xsd:annotation>
          </xsd:element>
        </xsd:sequence>
      </xsd:complexType>
      <xsd:element name="customerCustomerRepositoryV1GetListResponse" type="tns:CustomerCustomerRepositoryV1GetListResponse"/>
      <xsd:complexType name="ArrayOfCustomerDataCustomerInterface">
        <xsd:annotation>
          <xsd:documentation>An array of CustomerDataCustomerInterface items.</xsd:documentation>
          <xsd:appinfo xmlns:inf="http://soap.upskills.in/soap/default?services=customerCustomerRepositoryV1"/>
        </xsd:annotation>
        <xsd:sequence>
          <xsd:element name="item" minOccurs="0" maxOccurs="unbounded" type="tns:CustomerDataCustomerInterface">
            <xsd:annotation>
              <xsd:documentation>An item of ArrayOfCustomerDataCustomerInterface.</xsd:documentation>
              <xsd:appinfo xmlns:inf="http://soap.upskills.in/soap/default?services=customerCustomerRepositoryV1">
                <inf:callInfo>
                  <inf:callName>customerCustomerRepositoryV1GetList</inf:callName>
                  <inf:returned>Conditionally</inf:returned>
                </inf:callInfo>
              </xsd:appinfo>
            </xsd:annotation>
          </xsd:element>
        </xsd:sequence>
      </xsd:complexType>
      <xsd:complexType name="CustomerDataCustomerSearchResultsInterface">
        <xsd:annotation>
          <xsd:documentation>Interface for customer search results.</xsd:documentation>
          <xsd:appinfo xmlns:inf="http://soap.upskills.in/soap/default?services=customerCustomerRepositoryV1"/>
        </xsd:annotation>
        <xsd:sequence>
          <xsd:element name="items" type="tns:ArrayOfCustomerDataCustomerInterface">
            <xsd:annotation>
              <xsd:documentation>Customers list.</xsd:documentation>
              <xsd:appinfo xmlns:inf="http://soap.upskills.in/soap/default?services=customerCustomerRepositoryV1">
                <inf:natureOfType>array</inf:natureOfType>
                <inf:callInfo>
                  <inf:callName>customerCustomerRepositoryV1GetList</inf:callName>
                  <inf:returned>Always</inf:returned>
                </inf:callInfo>
              </xsd:appinfo>
            </xsd:annotation>
          </xsd:element>
          <xsd:element name="searchCriteria" minOccurs="1" maxOccurs="1" type="tns:FrameworkSearchCriteriaInterface">
            <xsd:annotation>
              <xsd:documentation>Search criteria.</xsd:documentation>
              <xsd:appinfo xmlns:inf="http://soap.upskills.in/soap/default?services=customerCustomerRepositoryV1">
                <inf:callInfo>
                  <inf:callName>customerCustomerRepositoryV1GetList</inf:callName>
                  <inf:returned>Always</inf:returned>
                </inf:callInfo>
              </xsd:appinfo>
            </xsd:annotation>
          </xsd:element>
          <xsd:element name="totalCount" minOccurs="1" maxOccurs="1" type="xsd:int">
            <xsd:annotation>
              <xsd:documentation>Total count.</xsd:documentation>
              <xsd:appinfo xmlns:inf="http://soap.upskills.in/soap/default?services=customerCustomerRepositoryV1">
                <inf:min/>
                <inf:max/>
                <inf:callInfo>
                  <inf:callName>customerCustomerRepositoryV1GetList</inf:callName>
                  <inf:returned>Always</inf:returned>
                </inf:callInfo>
              </xsd:appinfo>
            </xsd:annotation>
          </xsd:element>
        </xsd:sequence>
      </xsd:complexType>
      <xsd:complexType name="CustomerCustomerRepositoryV1GetListResponse">
        <xsd:annotation>
          <xsd:documentation>Response container for the customerCustomerRepositoryV1GetList call.</xsd:documentation>
          <xsd:appinfo xmlns:inf="http://soap.upskills.in/soap/default?services=customerCustomerRepositoryV1"/>
        </xsd:annotation>
        <xsd:sequence>
          <xsd:element name="result" minOccurs="1" maxOccurs="1" type="tns:CustomerDataCustomerSearchResultsInterface">
            <xsd:annotation>
              <xsd:documentation/>
              <xsd:appinfo xmlns:inf="http://soap.upskills.in/soap/default?services=customerCustomerRepositoryV1">
                <inf:callInfo>
                  <inf:callName>customerCustomerRepositoryV1GetList</inf:callName>
                  <inf:returned>Always</inf:returned>
                </inf:callInfo>
              </xsd:appinfo>
            </xsd:annotation>
          </xsd:element>
        </xsd:sequence>
      </xsd:complexType>
      <xsd:element name="customerCustomerRepositoryV1DeleteByIdRequest" type="tns:CustomerCustomerRepositoryV1DeleteByIdRequest"/>
      <xsd:complexType name="CustomerCustomerRepositoryV1DeleteByIdRequest">
        <xsd:annotation>
          <xsd:documentation>Delete customer by Customer ID.</xsd:documentation>
          <xsd:appinfo xmlns:inf="http://soap.upskills.in/soap/default?services=customerCustomerRepositoryV1"/>
        </xsd:annotation>
        <xsd:sequence>
          <xsd:element name="customerId" minOccurs="1" maxOccurs="1" type="xsd:int">
            <xsd:annotation>
              <xsd:documentation/>
              <xsd:appinfo xmlns:inf="http://soap.upskills.in/soap/default?services=customerCustomerRepositoryV1">
                <inf:min/>
                <inf:max/>
                <inf:callInfo>
                  <inf:callName>customerCustomerRepositoryV1DeleteById</inf:callName>
                  <inf:requiredInput>Yes</inf:requiredInput>
                </inf:callInfo>
              </xsd:appinfo>
            </xsd:annotation>
          </xsd:element>
        </xsd:sequence>
      </xsd:complexType>
      <xsd:element name="customerCustomerRepositoryV1DeleteByIdResponse" type="tns:CustomerCustomerRepositoryV1DeleteByIdResponse"/>
      <xsd:complexType name="CustomerCustomerRepositoryV1DeleteByIdResponse">
        <xsd:annotation>
          <xsd:documentation>Response container for the customerCustomerRepositoryV1DeleteById call.</xsd:documentation>
          <xsd:appinfo xmlns:inf="http://soap.upskills.in/soap/default?services=customerCustomerRepositoryV1"/>
        </xsd:annotation>
        <xsd:sequence>
          <xsd:element name="result" minOccurs="1" maxOccurs="1" type="xsd:boolean">
            <xsd:annotation>
              <xsd:documentation>true on success</xsd:documentation>
              <xsd:appinfo xmlns:inf="http://soap.upskills.in/soap/default?services=customerCustomerRepositoryV1">
                <inf:default>false</inf:default>
                <inf:callInfo>
                  <inf:callName>customerCustomerRepositoryV1DeleteById</inf:callName>
                  <inf:returned>Always</inf:returned>
                </inf:callInfo>
              </xsd:appinfo>
            </xsd:annotation>
          </xsd:element>
        </xsd:sequence>
      </xsd:complexType>
    </xsd:schema>
  </types>
  <message name="GenericFault">
    <part name="messageParameters" element="tns:GenericFault"/>
  </message>
  <portType name="customerCustomerRepositoryV1PortType">
    <operation name="customerCustomerRepositoryV1GetById">
      <input message="tns:customerCustomerRepositoryV1GetByIdRequest"/>
      <output message="tns:customerCustomerRepositoryV1GetByIdResponse"/>
      <fault name="GenericFault" message="tns:GenericFault"/>
    </operation>
    <operation name="customerCustomerRepositoryV1Save">
      <input message="tns:customerCustomerRepositoryV1SaveRequest"/>
      <output message="tns:customerCustomerRepositoryV1SaveResponse"/>
      <fault name="GenericFault" message="tns:GenericFault"/>
    </operation>
    <operation name="customerCustomerRepositoryV1GetList">
      <input message="tns:customerCustomerRepositoryV1GetListRequest"/>
      <output message="tns:customerCustomerRepositoryV1GetListResponse"/>
      <fault name="GenericFault" message="tns:GenericFault"/>
    </operation>
    <operation name="customerCustomerRepositoryV1DeleteById">
      <input message="tns:customerCustomerRepositoryV1DeleteByIdRequest"/>
      <output message="tns:customerCustomerRepositoryV1DeleteByIdResponse"/>
      <fault name="GenericFault" message="tns:GenericFault"/>
    </operation>
  </portType>
  <binding name="customerCustomerRepositoryV1Binding" type="tns:customerCustomerRepositoryV1PortType">
    <soap12:binding style="document" transport="http://schemas.xmlsoap.org/soap/http"/>
    <operation name="customerCustomerRepositoryV1GetById">
      <soap12:operation soapAction="customerCustomerRepositoryV1GetById"/>
      <input>
        <soap12:body use="literal"/>
      </input>
      <output>
        <soap12:body use="literal"/>
      </output>
      <fault name="GenericFault"/>
    </operation>
    <operation name="customerCustomerRepositoryV1Save">
      <soap12:operation soapAction="customerCustomerRepositoryV1Save"/>
      <input>
        <soap12:body use="literal"/>
      </input>
      <output>
        <soap12:body use="literal"/>
      </output>
      <fault name="GenericFault"/>
    </operation>
    <operation name="customerCustomerRepositoryV1GetList">
      <soap12:operation soapAction="customerCustomerRepositoryV1GetList"/>
      <input>
        <soap12:body use="literal"/>
      </input>
      <output>
        <soap12:body use="literal"/>
      </output>
      <fault name="GenericFault"/>
    </operation>
    <operation name="customerCustomerRepositoryV1DeleteById">
      <soap12:operation soapAction="customerCustomerRepositoryV1DeleteById"/>
      <input>
        <soap12:body use="literal"/>
      </input>
      <output>
        <soap12:body use="literal"/>
      </output>
      <fault name="GenericFault"/>
    </operation>
  </binding>
  <service name="customerCustomerRepositoryV1Service">
    <port name="customerCustomerRepositoryV1Port" binding="tns:customerCustomerRepositoryV1Binding">
      <soap12:address location="http://soap.upskills.in/soap/default?services=customerCustomerRepositoryV1"/>
    </port>
  </service>
  <message name="customerCustomerRepositoryV1GetByIdRequest">
    <part name="messageParameters" element="tns:customerCustomerRepositoryV1GetByIdRequest"/>
  </message>
  <message name="customerCustomerRepositoryV1GetByIdResponse">
    <part name="messageParameters" element="tns:customerCustomerRepositoryV1GetByIdResponse"/>
  </message>
  <message name="customerCustomerRepositoryV1SaveRequest">
    <part name="messageParameters" element="tns:customerCustomerRepositoryV1SaveRequest"/>
  </message>
  <message name="customerCustomerRepositoryV1SaveResponse">
    <part name="messageParameters" element="tns:customerCustomerRepositoryV1SaveResponse"/>
  </message>
  <message name="customerCustomerRepositoryV1GetListRequest">
    <part name="messageParameters" element="tns:customerCustomerRepositoryV1GetListRequest"/>
  </message>
  <message name="customerCustomerRepositoryV1GetListResponse">
    <part name="messageParameters" element="tns:customerCustomerRepositoryV1GetListResponse"/>
  </message>
  <message name="customerCustomerRepositoryV1DeleteByIdRequest">
    <part name="messageParameters" element="tns:customerCustomerRepositoryV1DeleteByIdRequest"/>
  </message>
  <message name="customerCustomerRepositoryV1DeleteByIdResponse">
    <part name="messageParameters" element="tns:customerCustomerRepositoryV1DeleteByIdResponse"/>
  </message>
</definitions>]]></con:content><con:type>http://schemas.xmlsoap.org/wsdl/</con:type></con:part></con:definitionCache><con:endpoints><con:endpoint>http://soap.upskills.in/soap/default?services=customerCustomerRepositoryV1</con:endpoint></con:endpoints><con:operation id="484523bb-7bdc-4a91-9597-cffeb7c950f0" isOneWay="false" action="customerCustomerRepositoryV1DeleteById" name="customerCustomerRepositoryV1DeleteById" bindingOperationName="customerCustomerRepositoryV1DeleteById" type="Request-Response" inputName="" receivesAttachments="false" sendsAttachments="false" anonymous="optional"><con:settings/><con:call id="6a726e2b-7578-46f8-ad1d-7a04b53f9066" name="Delete Customer By ID"><con:settings><con:setting id="com.eviware.soapui.impl.wsdl.WsdlRequest@request-headers">&lt;entry key="Authorization" value="Bearer f0rf13pxtxp7mftwc23rq6e52yvmi5um" xmlns="http://eviware.com/soapui/config"/></con:setting></con:settings><con:encoding>UTF-8</con:encoding><con:endpoint>http://soap.upskills.in/soap/default?services=customerCustomerRepositoryV1</con:endpoint><con:request><![CDATA[<soap:Envelope xmlns:soap="http://www.w3.org/2003/05/soap-envelope" xmlns:def="http://soap.upskills.in/soap/default?services=customerCustomerRepositoryV1">\r
   <soap:Header/>\r
   <soap:Body>\r
      <def:customerCustomerRepositoryV1DeleteByIdRequest>\r
         <customerId>9562</customerId>\r
      </def:customerCustomerRepositoryV1DeleteByIdRequest>\r
   </soap:Body>\r
</soap:Envelope>]]></con:request><con:credentials><con:authType>No Authorization</con:authType></con:credentials><con:jmsConfig JMSDeliveryMode="PERSISTENT"/><con:jmsPropertyConfig/><con:wsaConfig mustUnderstand="NONE" version="200508" action="http://soap.upskills.in/soap/default?services=customerCustomerRepositoryV1/customerCustomerRepositoryV1PortType/customerCustomerRepositoryV1DeleteByIdRequest"/><con:wsrmConfig version="1.2"/></con:call></con:operation><con:operation id="a52011f5-4bd3-415f-b811-a524ba22c762" isOneWay="false" action="customerCustomerRepositoryV1GetById" name="customerCustomerRepositoryV1GetById" bindingOperationName="customerCustomerRepositoryV1GetById" type="Request-Response" inputName="" receivesAttachments="false" sendsAttachments="false" anonymous="optional"><con:settings/><con:call id="05fb97b2-361c-40c3-aa70-dbfbeff17361" name="Get Customer By ID"><con:settings><con:setting id="com.eviware.soapui.impl.wsdl.WsdlRequest@request-headers">&lt;entry key="Authorization" value="Bearer f0rf13pxtxp7mftwc23rq6e52yvmi5um" xmlns="http://eviware.com/soapui/config"/></con:setting></con:settings><con:encoding>UTF-8</con:encoding><con:endpoint>http://soap.upskills.in/soap/default?services=customerCustomerRepositoryV1</con:endpoint><con:request><![CDATA[<soap:Envelope xmlns:soap="http://www.w3.org/2003/05/soap-envelope" xmlns:def="http://soap.upskills.in/soap/default?services=customerCustomerRepositoryV1">\r
   <soap:Header/>\r
   <soap:Body>\r
      <def:customerCustomerRepositoryV1GetByIdRequest>\r
         <customerId>9562</customerId>\r
      </def:customerCustomerRepositoryV1GetByIdRequest>\r
   </soap:Body>\r
</soap:Envelope>]]></con:request><con:credentials><con:authType>No Authorization</con:authType></con:credentials><con:jmsConfig JMSDeliveryMode="PERSISTENT"/><con:jmsPropertyConfig/><con:wsaConfig mustUnderstand="NONE" version="200508" action="http://soap.upskills.in/soap/default?services=customerCustomerRepositoryV1/customerCustomerRepositoryV1PortType/customerCustomerRepositoryV1GetByIdRequest"/><con:wsrmConfig version="1.2"/></con:call></con:operation><con:operation id="38a5e784-8dc3-43e0-a8f6-232f9d65f719" isOneWay="false" action="customerCustomerRepositoryV1GetList" name="customerCustomerRepositoryV1GetList" bindingOperationName="customerCustomerRepositoryV1GetList" type="Request-Response" inputName="" receivesAttachments="false" sendsAttachments="false" anonymous="optional"><con:settings/><con:call id="d364c1c3-f358-4e09-944e-a5b2fb6d8765" name="Get all Customer"><con:settings><con:setting id="com.eviware.soapui.impl.wsdl.WsdlRequest@request-headers">&lt;entry key="Authorization" value="Bearer f0rf13pxtxp7mftwc23rq6e52yvmi5um" xmlns="http://eviware.com/soapui/config"/></con:setting></con:settings><con:encoding>UTF-8</con:encoding><con:endpoint>http://soap.upskills.in/soap/default?services=customerCustomerRepositoryV1</con:endpoint><con:request><![CDATA[<soap:Envelope xmlns:soap="http://www.w3.org/2003/05/soap-envelope" xmlns:def="http://soap.upskills.in/soap/default?services=customerCustomerRepositoryV1">\r
   <soap:Header/>\r
   <soap:Body>\r
      <def:customerCustomerRepositoryV1GetListRequest>\r
         <searchCriteria>\r
           
         </searchCriteria>\r
      </def:customerCustomerRepositoryV1GetListRequest>\r
   </soap:Body>\r
</soap:Envelope>]]></con:request><con:credentials><con:authType>No Authorization</con:authType></con:credentials><con:jmsConfig JMSDeliveryMode="PERSISTENT"/><con:jmsPropertyConfig/><con:wsaConfig mustUnderstand="NONE" version="200508" action="http://soap.upskills.in/soap/default?services=customerCustomerRepositoryV1/customerCustomerRepositoryV1PortType/customerCustomerRepositoryV1GetListRequest"/><con:wsrmConfig version="1.2"/></con:call></con:operation><con:operation id="1b0b4042-e5ef-4ae2-a1b9-3cb7970ad02f" isOneWay="false" action="customerCustomerRepositoryV1Save" name="customerCustomerRepositoryV1Save" bindingOperationName="customerCustomerRepositoryV1Save" type="Request-Response" inputName="" receivesAttachments="false" sendsAttachments="false" anonymous="optional"><con:settings/><con:call id="ffe5a382-f9a1-4fb5-b51a-5116681b08f4" name="Create Customer"><con:settings><con:setting id="com.eviware.soapui.impl.wsdl.WsdlRequest@request-headers">&lt;entry key="Authorization" value="Bearer f0rf13pxtxp7mftwc23rq6e52yvmi5um" xmlns="http://eviware.com/soapui/config"/></con:setting></con:settings><con:encoding>UTF-8</con:encoding><con:endpoint>http://soap.upskills.in/soap/default?services=customerCustomerRepositoryV1</con:endpoint><con:request><![CDATA[<soap:Envelope xmlns:soap="http://www.w3.org/2003/05/soap-envelope" xmlns:def="http://soap.upskills.in/soap/default?services=customerCustomerRepositoryV1">\r
   <soap:Header/>\r
   <soap:Body>\r
      <def:customerCustomerRepositoryV1SaveRequest>\r
         <customer>\r
           
                  
                  <email>alpeshdana98@gmail.com</email>
                  <firstname>Krishna</firstname>
                  <lastname>Mohan</lastname>
                  <dob>1994-05-19</dob>
                  <addresses>
                     <item>
                        <region>
                           <regionCode>KA</regionCode>
                           <region>Karnataka</region>
                        </region>
                        <countryId>IN</countryId>
                        <street>
                           <item>#55, 1 st Main Road</item>
                        </street>
                        <telephone>+91 9876543210</telephone>
                        <postcode>560023</postcode>
                        <city>Bengaluru</city>
                        <firstname>Krishna</firstname>
                        <lastname>Mohan</lastname>
                        <defaultShipping>true</defaultShipping>
                        <defaultBilling>true</defaultBilling>
                     </item>
                  </addresses>
         </customer>\r
        
      </def:customerCustomerRepositoryV1SaveRequest>\r
   </soap:Body>\r
</soap:Envelope>]]></con:request><con:credentials><con:authType>No Authorization</con:authType></con:credentials><con:jmsConfig JMSDeliveryMode="PERSISTENT"/><con:jmsPropertyConfig/><con:wsaConfig mustUnderstand="NONE" version="200508" action="http://soap.upskills.in/soap/default?services=customerCustomerRepositoryV1/customerCustomerRepositoryV1PortType/customerCustomerRepositoryV1SaveRequest"/><con:wsrmConfig version="1.2"/></con:call></con:operation></con:interface><con:testSuite id="baa22fc4-7826-4a62-a013-cf3c27d56328" name="customerCustomerRepositoryV1Binding TestSuite"><con:settings/><con:runType>SEQUENTIAL</con:runType><con:testCase id="48641190-6e9a-432a-9568-e11831560a0c" failOnError="true" failTestCaseOnErrors="true" keepSession="false" maxResults="0" name="customerCustomerRepositoryV1Binding TestSuite" searchProperties="true"><con:settings/><con:testStep type="properties" name="Properties" id="79a9e373-1ff7-4ee6-bd68-9056e05edd2c"><con:settings/><con:config xsi:type="con:PropertiesStep" saveFirst="true" xmlns:xsi="http://www.w3.org/2001/XMLSchema-instance"><con:properties><con:property><con:name>email</con:name><con:value>alpeshdana12356@gmail.com</con:value></con:property><con:property><con:name>firstname</con:name><con:value>alpesh</con:value></con:property><con:property><con:name>lastname</con:name><con:value>dana</con:value></con:property></con:properties></con:config></con:testStep><con:testStep type="transfer" name="Email" id="a98f906d-fc47-4123-8cfb-4b241e5c8624"><con:settings/><con:config xsi:type="con:PropertyTransfersStep" xmlns:xsi="http://www.w3.org/2001/XMLSchema-instance"><con:transfers setNullOnMissingSource="true" transferTextContent="true" failOnError="false" ignoreEmpty="false" transferToAll="false" entitize="false" transferChildNodes="false"><con:name>EmailID</con:name><con:sourceType>email</con:sourceType><con:sourceStep>Properties</con:sourceStep><con:targetType>Request</con:targetType><con:targetStep>Create Customer</con:targetStep><con:targetPath>declare namespace soap='http://www.w3.org/2003/05/soap-envelope';
declare namespace ns1='http://soap.upskills.in/soap/default?services=customerCustomerRepositoryV1';
//*:email</con:targetPath><con:upgraded>true</con:upgraded></con:transfers><con:transfers setNullOnMissingSource="true" transferTextContent="true" failOnError="true" ignoreEmpty="false" transferToAll="false" entitize="false" transferChildNodes="false"><con:name>FirstName</con:name><con:sourceType>firstname</con:sourceType><con:sourceStep>Properties</con:sourceStep><con:targetType>Request</con:targetType><con:targetStep>Create Customer</con:targetStep><con:targetPath>declare namespace soap='http://www.w3.org/2003/05/soap-envelope';
declare namespace ns1='http://soap.upskills.in/soap/default?services=customerCustomerRepositoryV1';
//*:firstname</con:targetPath><con:upgraded>true</con:upgraded></con:transfers><con:transfers setNullOnMissingSource="true" transferTextContent="true" failOnError="true" ignoreEmpty="false" transferToAll="false" entitize="false" transferChildNodes="false"><con:name>LastName</con:name><con:sourceType>lastname</con:sourceType><con:sourceStep>Properties</con:sourceStep><con:targetType>Request</con:targetType><con:targetStep>Create Customer</con:targetStep><con:targetPath>declare namespace soap='http://www.w3.org/2003/05/soap-envelope';
declare namespace ns1='http://soap.upskills.in/soap/default?services=customerCustomerRepositoryV1';
//*:lastname</con:targetPath><con:upgraded>true</con:upgraded></con:transfers></con:config></con:testStep><con:testStep type="request" name="Create Customer" id="2c1f4a6c-398d-47f1-a21d-10f7d553d9ae"><con:settings/><con:config xsi:type="con:RequestStep" xmlns:xsi="http://www.w3.org/2001/XMLSchema-instance"><con:interface>customerCustomerRepositoryV1Binding</con:interface><con:operation>customerCustomerRepositoryV1Save</con:operation><con:request name="Create Customer" id="3cac51ab-762f-4ad8-ab49-8750137f3723"><con:settings><con:setting id="com.eviware.soapui.impl.wsdl.WsdlRequest@request-headers">&lt;entry key="Authorization" value="Bearer f0rf13pxtxp7mftwc23rq6e52yvmi5um" xmlns="http://eviware.com/soapui/config"/></con:setting></con:settings><con:encoding>UTF-8</con:encoding><con:endpoint>http://soap.upskills.in/soap/default?services=customerCustomerRepositoryV1</con:endpoint><con:request><![CDATA[<soap:Envelope xmlns:soap="http://www.w3.org/2003/05/soap-envelope" xmlns:def="http://soap.upskills.in/soap/default?services=customerCustomerRepositoryV1">
   <soap:Header/>
   <soap:Body>
      <def:customerCustomerRepositoryV1SaveRequest>
         <customer>
            <email>alpeshdana12356@gmail.com</email>
            <firstname>alpesh</firstname>
            <lastname>dana</lastname>
         </customer>
      </def:customerCustomerRepositoryV1SaveRequest>
   </soap:Body>
</soap:Envelope>]]></con:request><con:assertion type="SOAP Response" id="b6663bc6-cb3e-4c91-a0cc-629db12fce4b"/><con:assertion type="Valid HTTP Status Codes" id="0171dec5-73e2-45d1-a683-2f97df0749f7" name="Valid HTTP Status Codes"><con:configuration><codes>200</codes></con:configuration></con:assertion><con:credentials><con:authType>No Authorization</con:authType></con:credentials><con:jmsConfig JMSDeliveryMode="PERSISTENT"/><con:jmsPropertyConfig/><con:wsaConfig mustUnderstand="NONE" version="200508"/><con:wsrmConfig version="1.2"/></con:request></con:config></con:testStep><con:testStep type="request" name="Get Customer" id="6d6b9543-7c83-42d7-bee6-46df9d249df8"><con:settings/><con:config xsi:type="con:RequestStep" xmlns:xsi="http://www.w3.org/2001/XMLSchema-instance"><con:interface>customerCustomerRepositoryV1Binding</con:interface><con:operation>customerCustomerRepositoryV1GetList</con:operation><con:request name="Get Customer" id="c059a255-0b7e-43db-9940-374ebba03508"><con:settings><con:setting id="com.eviware.soapui.impl.wsdl.WsdlRequest@request-headers">&lt;entry key="Authorization" value="Bearer f0rf13pxtxp7mftwc23rq6e52yvmi5um" xmlns="http://eviware.com/soapui/config"/></con:setting></con:settings><con:encoding>UTF-8</con:encoding><con:endpoint>http://soap.upskills.in/soap/default?services=customerCustomerRepositoryV1</con:endpoint><con:request><![CDATA[<soap:Envelope xmlns:soap="http://www.w3.org/2003/05/soap-envelope" xmlns:def="http://soap.upskills.in/soap/default?services=customerCustomerRepositoryV1">\r
   <soap:Header/>\r
   <soap:Body>\r
      <def:customerCustomerRepositoryV1GetListRequest>\r
         <searchCriteria>\r
            <filterGroups/>\r
         </searchCriteria>\r
      </def:customerCustomerRepositoryV1GetListRequest>\r
   </soap:Body>\r
</soap:Envelope>]]></con:request><con:assertion type="SOAP Response" id="a2ba86ad-382c-42fb-a09c-76741ad9d329"/><con:assertion type="Valid HTTP Status Codes" id="db400794-3546-4488-a77d-3e5e35d9d7b9" name="Valid HTTP Status Codes"><con:configuration><codes>200</codes></con:configuration></con:assertion><con:credentials><con:authType>No Authorization</con:authType></con:credentials><con:jmsConfig JMSDeliveryMode="PERSISTENT"/><con:jmsPropertyConfig/><con:wsaConfig mustUnderstand="NONE" version="200508"/><con:wsrmConfig version="1.2"/></con:request></con:config></con:testStep><con:testStep type="transfer" name="cutomerid" id="e9db5a75-a0e3-46c9-95c8-dfec030a8d41"><con:settings/><con:config xsi:type="con:PropertyTransfersStep" xmlns:xsi="http://www.w3.org/2001/XMLSchema-instance"><con:transfers setNullOnMissingSource="true" transferTextContent="true" failOnError="true" ignoreEmpty="false" transferToAll="false" entitize="false" transferChildNodes="false"><con:name>Id</con:name><con:sourceType>Response</con:sourceType><con:sourceStep>Create Customer</con:sourceStep><con:sourcePath>declare namespace soap='http://www.w3.org/2003/05/soap-envelope';
declare namespace ns1='http://soap.upskills.in/soap/default?services=customerCustomerRepositoryV1';
//*:id</con:sourcePath><con:targetType>Request</con:targetType><con:targetStep>Get Customer By ID</con:targetStep><con:targetPath>declare namespace soap='http://www.w3.org/2003/05/soap-envelope';
declare namespace ns1='http://soap.upskills.in/soap/default?services=customerCustomerRepositoryV1';
//*:customerId</con:targetPath><con:upgraded>true</con:upgraded></con:transfers></con:config></con:testStep><con:testStep type="request" name="Get Customer By ID" id="86ed3efa-039c-4edc-9465-7df01f9a866e"><con:settings/><con:config xsi:type="con:RequestStep" xmlns:xsi="http://www.w3.org/2001/XMLSchema-instance"><con:interface>customerCustomerRepositoryV1Binding</con:interface><con:operation>customerCustomerRepositoryV1GetById</con:operation><con:request name="Get Customer By ID" id="7a847e77-27c9-4659-ba7d-410fc2a8be42"><con:settings><con:setting id="com.eviware.soapui.impl.wsdl.WsdlRequest@request-headers">&lt;entry key="Authorization" value="Bearer f0rf13pxtxp7mftwc23rq6e52yvmi5um" xmlns="http://eviware.com/soapui/config"/></con:setting></con:settings><con:encoding>UTF-8</con:encoding><con:endpoint>http://soap.upskills.in/soap/default?services=customerCustomerRepositoryV1</con:endpoint><con:request><![CDATA[<soap:Envelope xmlns:soap="http://www.w3.org/2003/05/soap-envelope" xmlns:def="http://soap.upskills.in/soap/default?services=customerCustomerRepositoryV1">
   <soap:Header/>
   <soap:Body>
      <def:customerCustomerRepositoryV1GetByIdRequest>
         <customerId>9688</customerId>
      </def:customerCustomerRepositoryV1GetByIdRequest>
   </soap:Body>
</soap:Envelope>]]></con:request><con:assertion type="SOAP Response" id="e9023d8a-ae78-4e7c-b9f9-b5ab0b04c394"/><con:assertion type="Valid HTTP Status Codes" id="15d64ab6-3e36-4cb9-83b4-e6c63fd1e642" name="Valid HTTP Status Codes"><con:configuration><codes>200</codes></con:configuration></con:assertion><con:credentials><con:authType>No Authorization</con:authType></con:credentials><con:jmsConfig JMSDeliveryMode="PERSISTENT"/><con:jmsPropertyConfig/><con:wsaConfig mustUnderstand="NONE" version="200508"/><con:wsrmConfig version="1.2"/></con:request></con:config></con:testStep><con:testStep type="transfer" name="delete id" id="751ffa01-7e42-442c-a1f3-623f4db7292b"><con:settings/><con:config xsi:type="con:PropertyTransfersStep" xmlns:xsi="http://www.w3.org/2001/XMLSchema-instance"><con:transfers setNullOnMissingSource="true" transferTextContent="true" failOnError="true" ignoreEmpty="false" transferToAll="false" entitize="false" transferChildNodes="false"><con:name>ID</con:name><con:sourceType>Response</con:sourceType><con:sourceStep>Get Customer By ID</con:sourceStep><con:sourcePath>declare namespace soap='http://www.w3.org/2003/05/soap-envelope';
declare namespace ns1='http://soap.upskills.in/soap/default?services=customerCustomerRepositoryV1';
//*:id</con:sourcePath><con:targetType>Request</con:targetType><con:targetStep>Delete Customer by ID</con:targetStep><con:targetPath>declare namespace soap='http://www.w3.org/2003/05/soap-envelope';
declare namespace ns1='http://soap.upskills.in/soap/default?services=customerCustomerRepositoryV1';
//*:customerId</con:targetPath><con:upgraded>true</con:upgraded></con:transfers></con:config></con:testStep><con:testStep type="request" name="Delete Customer by ID" id="af1a5954-32f6-420d-ae9d-8231c0b796c0"><con:settings/><con:config xsi:type="con:RequestStep" xmlns:xsi="http://www.w3.org/2001/XMLSchema-instance"><con:interface>customerCustomerRepositoryV1Binding</con:interface><con:operation>customerCustomerRepositoryV1DeleteById</con:operation><con:request name="Delete Customer by ID" id="2ddee0dc-a81d-4778-bf32-bf2431792f3e"><con:settings><con:setting id="com.eviware.soapui.impl.wsdl.WsdlRequest@request-headers">&lt;entry key="Authorization" value="Bearer f0rf13pxtxp7mftwc23rq6e52yvmi5um" xmlns="http://eviware.com/soapui/config"/></con:setting></con:settings><con:encoding>UTF-8</con:encoding><con:endpoint>http://soap.upskills.in/soap/default?services=customerCustomerRepositoryV1</con:endpoint><con:request><![CDATA[<soap:Envelope xmlns:soap="http://www.w3.org/2003/05/soap-envelope" xmlns:def="http://soap.upskills.in/soap/default?services=customerCustomerRepositoryV1">
   <soap:Header/>
   <soap:Body>
      <def:customerCustomerRepositoryV1DeleteByIdRequest>
         <customerId>9688</customerId>
      </def:customerCustomerRepositoryV1DeleteByIdRequest>
   </soap:Body>
</soap:Envelope>]]></con:request><con:assertion type="SOAP Response" id="cfcf8d80-a6c9-441f-af60-65e01f10f558"/><con:assertion type="Valid HTTP Status Codes" id="c4e2eb3d-028d-4284-9d51-ed235f0811cd" name="Valid HTTP Status Codes"><con:configuration><codes>200</codes></con:configuration></con:assertion><con:credentials><con:authType>No Authorization</con:authType></con:credentials><con:jmsConfig JMSDeliveryMode="PERSISTENT"/><con:jmsPropertyConfig/><con:wsaConfig mustUnderstand="NONE" version="200508"/><con:wsrmConfig version="1.2"/></con:request></con:config></con:testStep><con:properties/></con:testCase><con:properties/></con:testSuite><con:properties/><con:wssContainer/><con:oAuth2ProfileContainer/><con:oAuth1ProfileContainer/></con:soapui-project>